0.06489042651493815,-0.7051520163631242,0
4.067716406078386,2.238002209556946,0
0.9535415905820512,-0.9107339858163774,0
4.673324320541338,-2.363678925199622,0
4.355596734738375,3.873736981572212,0
-5.664053361362381,-1.8670470557481167,0
-3.9618061861979346,-2.6727561951080343,0
2.048149545874919,2.725413889072281,0
-3.8049145238169824,-1.4576243617679028,0
1.8490326131392587,3.058835057098211,0
-2.832138427379223,0.8734978066349441,1
-3.734363310604307,0.5952928268973947,1
0.8487923160514104,3.8916902412543806,0
-1.8132181556253046,2.4137983251516912,1
-1.477855840562091,-1.9599340358111146,1
-1.2023827332838728,1.297599948069907,1
-4.093391920410899,-3.759595415552284,0
-0.6756409821311582,-3.9034620659951242,1
-0.6866989530306231,-3.4552892708508924,1
-2.126731744591791,-3.8517800264120385,0
-5.489418091952627,-3.855326429121707,0
4.784496796468094,-1.4596330171334317,1
0.24092295596552837,0.35493285779184447,0
1.6846618574920438,-2.8475921963209947,0
-4.055721171288674,-2.5095077070313456,0
-5.09230761614721,-0.31104765758828457,0
-1.6702499433577387,-3.9790109665167828,1
-0.594334285743229,0.6276334988399448,0
-1.2320155415270522,-3.4529635368672214,1
3.0735972951194572,3.830471963973748,0
0.744924513499841,-1.1151191757405554,1
-4.269000443549794,-2.6435597145947556,0
-4.8049894923333945,-1.5646452343036357,0
-2.621570741043536,0.08328199137124859,1
-4.941489764685304,-3.8941867465707345,0
-5.0134308244521835,1.2800356129373789,0
-1.7518630545694336,-2.10361648865081,1
-3.105902141866412,2.185066909258815,1
-5.209793609210397,2.320913069553159,0
2.876895848493607,-3.21600632607241,0
-4.998551527977031,-1.271253324483391,0
3.076739223564685,2.5871945648557118,0
3.6720038899390097,2.9398204006127457,0
-1.7169492757923983,1.607891509142612,1
5.915170803783306,-3.8449111583433835,0
-5.046183052874827,-3.700856359768287,0
2.8239957392992974,-0.9986843529394012,1
5.806741788183517,1.164263349202507,0
-1.502396352825624,-3.4560306122128974,1
3.641962737608681,-0.8241883102289709,1
0.3047616807783502,2.973988869477557,0
2.1817606504744944,-3.1049798450565875,0
0.5638135529674777,-3.0907440924372978,1
-1.3277357536936485,-2.964074286658837,1
-1.041123935512834,2.1266641820748093,1
-1.641778183569512,-3.764219842373768,1
-4.234061165910838,1.3672855000752016,0
0.3418138868431395,-1.5184732213932435,1
0.032880389930969756,2.2210604945566663,0
4.253567854062178,1.4488417503940516,0
2.283385576803262,3.421758677105349,0
1.8634953666834315,2.6474719721185824,0
-4.877260109674728,-2.5886895857847794,0
-4.562764965777582,-0.044503809535241245,0
3.810091523296645,-2.7619493622507276,0
5.826594662136113,-0.8439360611139577,0
0.2747568438988637,-2.751787038772844,1
2.3723784310724145,-3.0078438453645173,0
4.6072445047397235,-1.0166824601994247,1
-3.589652699296334,-3.8993773201121877,0
-1.238975179878179,1.5730725560361716,1
2.7684000042673365,-0.285736001607086,1
2.196919918392396,0.020956798063719972,1
-4.536365109958346,-0.7701021936128054,0
3.435331871878555,-1.4633853932117935,1
-3.0319076423811877,0.26903225886508064,1
5.217767529567551,-2.1435025939362022,0
-0.22910824189204426,-1.5837940959506067,1
-4.734283682445657,1.1200521224644095,0
-0.28257491572184534,1.0559826960105774,0
-1.297613437437617,-0.5778247013806572,0
1.3383691474718296,-3.2846042509113094,0
-4.512666211810514,3.5785125035245606,0
2.0989062744543077,1.5350271365357644,0
-3.687618455714726,-1.4221347376975002,0
-3.785900984376324,-1.6941067519271193,0
-0.4529661719609175,-3.3688288438840717,1
3.8837758152885318,-1.6534194207272126,1
0.5024185859240111,1.1062273559161273,0
-2.065219329252411,1.5659264648252256,1
5.938173518865881,-0.7867559547278029,0
-1.4143503575866525,0.911868876857258,1
-3.1126476004769663,-2.16332072506664,0
-2.9129848339733178,1.666637777444449,1
2.45678809004648,2.6915520334970173,0
-4.742731840322486,-0.700798198051868,0
-2.5824161131041743,0.9394327284889421,1
2.4689110226841358,2.3196054417704683,0
-2.2344127822502173,-1.1571341587257864,0
5.636088580613103,-0.08688883891680277,0
-0.7160724230161364,-3.833969344653494,1
2.8968762707215756,-2.8037092911095627,0
-3.0654443203936266,-0.10033786300552983,0
-2.288342816477705,0.9282167736230971,1
-5.206536321853628,-1.6321823304298153,0
-2.240130506600393,-0.3063984895424845,0
-0.6685200296794935,1.862486546339662,0
1.71354194205046,1.5140697230112945,0
2.3541428064291505,-2.507242175955665,0
1.4564155129915388,-3.9449937848657237,0
-3.8555748583436555,1.3552958810601767,1
-3.5211486664363254,1.8815690295370286,1
-2.16174721771896,3.913076312514658,0
-3.168970612189916,0.12414046915943278,1
-2.690855890083446,-3.6485763199950503,0
1.9707573529086027,1.4430936185603302,0
-4.727707036401913,3.697335937086639,0
-1.8876143426069945,-2.4073048456610104,1
-4.501666029020875,-1.2518876444375522,0
4.687481362183853,-2.3753033010288584,0
1.1089269959675452,2.2102384546252116,0
4.880178691680722,2.4656849910744736,0
-3.589809876555154,-3.5251881186443095,0
3.5699454304344034,1.7806066747153242,0
-4.6717261011386375,0.6120315366931397,0
-3.6094671153852036,0.2709942566689634,1
3.104931445674392,-3.428213601006851,0
1.042654705115929,3.430293909589925,0
1.3230751602900233,-1.2057146210895393,0
1.2994203681245349,1.0145438415774883,0
4.912313906003909,1.6002819422437708,0
-4.78531687190412,-0.5828645976961235,0
4.822418771161846,-0.9253777513942998,1
0.04880734910923312,1.2162842867006542,0
5.169885599304621,3.4879778931124195,0
0.895158699860275,3.5322170682988814,0
-0.39852243953156297,1.4057647047284094,0
-3.158964430773353,0.9877344487731099,1
-1.274034218369959,-1.749869348872405,1
-4.612268066912481,-2.3662775134678213,0
1.7853841043418086,-1.5231090485896424,0
3.77232204802014,3.037666199061846,0
5.955309952056565,-0.6510592911553799,0
2.0480271182812597,2.425754798332778,0
4.629335117063823,-2.1472183109393965,0
2.7656806533822866,1.940308080958479,0
0.21490396573072168,-0.30983406973167416,0
-0.7720485781251778,1.6064301117797903,0
0.719008023609387,1.0117603278038132,0
-3.869731485017735,-3.986126891810094,0
-5.605794267351767,3.277185629157298,0
-0.4291953667198918,-2.116295028359848,1
-4.591785145023321,3.4280341569395754,0
1.9260468266306692,1.595587505878898,0
-3.5544609803321574,3.2682122617745364,0
2.792013146931188,2.7097176553792606,0
3.6507001052134544,2.4665766715481396,0
1.813961447183173,2.8298406638896383,0
4.9430447272936515,-1.5483270814379262,1
0.8841772461474458,1.5298466068157932,0
2.108958724951659,-2.1363648252093546,0
-2.878407679299755,0.9043443657423236,1
-1.5542287856794488,1.790838497736356,1
1.9706989039240437,-0.9600410442717475,0
-3.6506403007902946,-3.7174305205566585,0
-0.7439061812090397,0.6088486417372527,0
5.070291822296323,-3.549250960907597,0
0.29182135208252546,2.8742348440692256,0
4.647973695317781,3.003861941734825,0
-0.3673675940389183,3.99574019840182,0
2.266801817942101,-1.3416761579915466,1
-3.352725434733228,1.4241746297187081,1
-3.7664621523498276,-1.268407510472806,0
-5.68857480096078,-1.6296887617941884,0
4.076691434383839,-2.5046605106510924,0
-4.641079556353002,0.3926393188248083,0
1.1551115359578148,1.1513218179418452,0
-1.3539812480963969,3.3730010560626376,0
2.29790639469066,1.6294759296224495,0
-0.9408891466491625,3.208626637922233,0
2.9045598822351906,-2.7059947618268723,0
3.5039982442783035,1.759035093018702,0
0.7590739791823617,2.460389525679064,0
0.6316611775008347,1.8951965370017332,0
5.921872345940383,-1.394662499066662,0
-0.34097790333042255,-0.7633501125209792,0
3.2638974114993964,1.2052190792490336,0
3.335236920588386,-1.4813447072158592,1
0.581533760126975,1.1341242031910586,0
4.41144263335104,1.625327413383113,0
-3.532292643735306,2.8740524835374304,1
5.764737377205892,1.147481484139914,0
5.1235153229319685,-2.7004527275002905,0
-3.2955727082477306,1.3993591866686517,1
-3.9455465417688607,-3.8315856691382804,0
-5.635242511352289,-0.996583419960924,0
2.2867607289252927,-0.09112712783848131,1
-0.39649588508856404,2.119263391884753,0
1.4232724369784435,2.243427266327841,0
-4.769475103221602,-2.499170028502175,0
0.6965117170566995,3.0390913743790327,0
-2.3359280972834684,2.39370182790098,1
-2.3192209874712426,0.40839414774833216,1
2.4866131661557507,-1.5993532014447283,1
4.924961756023551,1.6017157663613197,0
-2.9652143735289695,-3.3168855532910158,0
-3.9249910203212135,0.9530932162439969,1
3.464284367663165,-1.2894247111366468,1
1.701285617616878,-1.364527172562319,0
-2.66382489097968,-3.5359909326969285,0
-1.3521879167438637,-1.4224354272184128,1
0.4090079456803073,0.4742474430396397,0
5.032646892661504,3.905689023656179,0
4.6270057278198475,-3.005726908768798,0
-5.6142793180871,-1.2988204751703343,0
0.39809404023621475,0.2408193669862131,0
1.7964260716970433,1.0093355094750258,0
5.547171680391983,-0.25791802414573173,0
1.6007485715155028,0.18921558076227374,0
0.33368439508493886,2.6454039628383557,0
3.719641819745142,3.2995391294215493,0
4.6667949823760555,0.7323732310782631,1
-3.3153807510285485,0.10764089379920527,1
-2.039877903712796,2.8203409600608804,1
-3.6088915140463245,1.731496365281978,1
-2.3499957989870235,1.009792380059733,1
-0.5423266890976342,-1.2464651126701698,1
1.0297407052044605,-0.1122580372328219,0
-5.20238855557261,1.8545134804203407,0
-0.8071404925007624,2.18233673430146,0
-5.839297155810819,0.3586875352058687,0
-3.1595532295563804,1.4502869594808487,1
-0.2259686906567957,0.5924144097886561,0
0.8760140254333235,2.856370348869727,0
2.306910835925059,3.3687773926597426,0
-1.1457099280709055,-3.2123569038594777,1
1.5551745815064466,1.1340390874931474,0
5.29484563045601,-0.3568043027355623,0
0.7104357869240676,1.4948742054802775,0
-4.827234017684825,0.11685802237220422,0
-0.46075393022357414,0.6864316221552427,0
-1.2862855849539692,-1.9545770931360122,1
-3.2088395814583532,-1.4378883280393309,0
5.375414914723235,-0.2457918149793672,0
5.750269040359077,2.0867243691854522,0
-2.187554605597198,2.138269755409789,1
-1.8515722408370312,1.633384777542254,1
-1.4996903264228054,1.5414188349570592,1
-5.68047067138578,0.154990173950333,0
-0.3905433435221326,-1.133470123448407,1
4.65418833191109,0.08566144165184753,1
-0.5284379266213479,-1.1044293227344282,1
2.6482726216783767,-3.037362055301264,0
-2.914948689630536,-2.002456063952752,0
-0.02128339936746837,-2.932636945303769,1
0.9375874532774713,-1.4380531180751026,1
0.4484817739486555,3.4025506504754146,0
-3.1751226325930078,2.3923252005686546,1
-3.4139008348793167,3.5059431106014705,0
3.9173912054313966,1.1913214581834355,0
-4.2469542171770005,-0.4196918102832994,0
1.8930081783935169,-1.9122378980574046,0
-2.0417138390179113,-3.0833801574949042,0
-3.973668344191616,3.1281327340148746,0
1.131626542385221,-0.39735866131579733,0
-0.035032416573251624,-1.3393888264168865,1
-4.83452338827435,-3.3894105835239143,0
-3.22303571833711,2.751749767037115,1
-4.1091298674471215,1.2149452938631722,0
1.6036714633582232,0.4781876543740191,0
0.3857287649874461,-1.3877196182945655,1
4.296766966639266,2.328752996041163,0
5.074369365410046,-0.037975373079611074,0
-4.88214303317258,-0.8701714738878676,0
2.3793249996601116,1.4832087474860973,0
1.2725924537715363,3.1624136559672475,0
-0.1662425236907552,-0.8521364041933683,0
-1.323172082518954,-2.8795731549136248,1
-1.4638265025246708,-0.7759260756630946,0
-4.761596215024067,3.8747998526824974,0
0.6254501374401666,1.301020342790003,0
4.353471192448104,-0.7581975237150305,1
2.021283264819999,-1.3933870751204562,1
-5.1207866408330736,0.7548357066626439,0
-3.134903033429295,1.8736702382948254,1
-3.098266341077867,-0.46510294415082676,0
0.5811937740815312,-1.374008302989421,1
-1.9070274009084418,2.7387904775783882,1
2.0502762107371275,-2.4133166133697737,0
4.80003515416956,0.15562827772126742,1
1.0536872606449421,2.0587220355645464,0
3.5543851971197924,-2.03463420725726,0
-3.6871053551520894,2.697569625290753,1
-4.113275305634629,-2.8723177582272035,0
3.390260605738721,2.1886388161319443,0
3.3195899487572547,-2.066177402956251,0
-2.322869776052404,-1.0366065171320722,0
-4.203145678717766,-3.9471032778812214,0
-0.5022499957150828,-1.0929900697004742,1
1.223490989209572,3.3778349720502874,0
-5.44840377096899,-1.3883056918692231,0
-5.218065794239889,1.7880360103700346,0
-4.086983580490665,3.751987695246206,0
-3.4545355713516814,-3.6776271797485665,0
5.641472344929639,-1.1180889266390786,0
-1.6400677927898037,-3.6688466662506336,1
4.02524572893657,-0.5818362034524363,1
4.211113942334215,1.60104867466681,0
-3.8443325676564286,-3.5895149359418355,0
-4.246072531141101,-0.07216663567637216,0
-0.46643514912766104,-0.02472371137883389,0
-5.811112291882443,-1.8361474964915052,0
-5.112623883911326,1.9935944501606961,0
-2.6915520413908287,-3.31342174460187,0
2.4226166264173212,-0.799017514322335,1
-4.735314017783265,-0.20675012076383492,0
-5.549492313957719,0.07229200134571556,0
3.3582683541869525,1.6261063338067112,0
-4.8007679978793085,-3.703493933366423,0
3.7833774407226723,-1.7365506209769466,1
-5.105533637764903,-2.454620486026217,0
4.9933574126380975,-3.187825136676481,0
-5.5032341139808345,-1.6025864227566364,0
2.7882220978562593,1.7586790199256281,0
-3.3882106355127664,1.4439916251392662,1
5.635448606381841,0.87018240868451,0
1.7690162848674174,-3.2713150612062627,0
-2.9927948750837747,1.6919317001585616,1
-1.5449736110281584,1.5184418916567042,1
-2.2421113682249363,-3.126105933633723,0
-4.749100324167255,-1.111596173369433,0
-5.996880422581152,-3.9656714572794822,0
-4.808426425739398,0.7813967684087606,0
-1.2606756681980702,-2.2441573253618694,1
-1.0944710000772755,-1.8051932174187417,1
2.8307531016237224,3.419387567009288,0
-3.1303581862977836,2.3009060799196392,1
-0.5061183080447407,1.8080049028001541,0
0.4286466613700384,1.7853970306107474,0
-5.9022791221511515,0.5547270567936282,0
-3.0729420126743747,2.12154551319171,1
3.7831714738137556,3.855659391900863,0
2.885173061668244,-1.065274883763557,1
-3.096210030024547,-1.7725454764190953,0
3.8683503582380787,-3.1879642684615908,0
-4.495660337697895,-1.6977177840841104,0
-5.289802002434705,1.7018448826358323,0
-0.6373568632197832,-3.4402836450389938,1
5.808625182943553,-2.882735588743758,0
-2.246874450618123,-3.2138008782112086,0
1.7988256822073652,1.0346254305262228,0
2.5991456046786183,1.5088107516927236,0
1.0936281351977009,-3.51150859959089,0
3.0434431175963166,-0.9529884151707746,1
5.520516217270339,0.3115096799830548,0
0.8110436540805885,2.7736202699518495,0
-5.537562543579981,-1.577125834085086,0
5.013941477643327,-2.734710037734194,0
-5.04243605101491,-1.2559351006207446,0
-5.628484051565877,2.2661162849733048,0
-3.675661179527195,-0.2154578354898975,0
-1.6721403008088105,0.3309836584981518,1
-5.34822779226432,-3.881981709352182,0
-3.5088056575602975,-0.3099773318582262,0
-2.1212076611627158,0.4956321491119695,1
-5.213970539369294,1.1277483935423653,0
-5.88754674315873,-2.833903438875799,0
-0.2558367572967155,-0.5840079591909921,0
-5.2592254945999555,-0.9740816617510735,0
-0.35147396225603345,-2.40621798958927,1
1.0785186248490533,2.7865828426180306,0
-0.3849602922180271,1.3947501806147038,0
-1.7048256163107567,1.0899763866422294,1
-5.570612194246568,-0.5643184243691621,0
-4.123812508873813,0.8670621513345704,0
1.5539193401441782,3.727041335483034,0
-1.3557467131336258,-0.42079152107211293,0
5.882145753654731,-3.9600776383740133,0
3.5663099660555773,1.5792670176443924,0
-0.06887707303031121,-2.7102611541442396,1
4.938454393006044,2.468494755143274,0
-0.6442584850656594,1.459434776641995,0
4.679126048069323,3.568848462211225,0
-2.4044923431222385,2.828264749106567,1
-5.264384771417179,2.602433327807317,0
-3.931105880190871,-0.4862822416142194,0
-3.618027799552195,-2.0560456505871816,0
-4.250327173908494,0.5584265289662627,0
0.5655460047103835,-3.9925757732729243,1
-5.475706790929497,-2.6269759160272965,0
-0.9247929565067228,-1.8197650098581724,1
2.398589431834008,-0.9047371076297983,1
-0.636293704560952,-2.1414604844274177,1
4.179810180409358,0.28537941524093835,1
5.079378596830686,2.499820725902972,0
-0.9013044459856623,2.052473395486288,0
1.619270679857614,-1.3401430344040808,0
5.566022601938506,-0.4465815463449907,0
-2.601657663844638,3.2974564147182877,0
2.143243705740412,3.740787545382629,0
-4.142729023763431,-1.631641466704993,0
-2.2855880355050426,-3.4532997391138567,0
3.2250769231565553,3.9431146010785394,0
-2.5251747587751288,-1.1400381136239766,0
-2.069122018534695,0.03858873253060935,1
-4.301420749723235,0.2563117455029822,0
0.3221818948829984,-2.2684869960785203,1
-5.349415235298589,3.7463786288440097,0
-1.6909118418888394,3.4365765940441397,0
1.4155526460389476,-3.2758249849941654,0
2.6641086140320294,-1.9843111642249918,1
4.864420418659822,3.438996393412837,0
1.8700782858738165,-1.2320636628220676,0
-1.8542702023761102,2.5798851473114848,1
-1.2605462739687932,3.27057537598065,0
-1.8162781330383861,3.951982330287806,0
-2.6608491174805575,2.016163655898737,1
-4.181407614678652,1.7285836560217875,0
-2.564573585456329,-2.8141473725584474,0
2.6634801754353763,-3.1955386313917957,0
-0.3524551670659566,-2.075534409741005,1
3.589739037393512,0.7710451761438186,1
-1.640432668009149,2.1440681115531666,1
-0.9015600016237695,-0.5638992026883232,0
-3.914649355244019,0.09661913221560692,1
0.05103857418778546,2.626228427155363,0
3.71394727814943,-1.891554057533475,1
1.1217446438235115,1.7854044673829659,0
-5.9820840244232985,1.3723542213251454,0
-5.810723517695063,3.483804334752284,0
2.514860197816205,0.9326928635922584,1
2.4390518037173656,-0.7135825469769896,1
-0.31433288370133816,1.8030432830247038,0
1.5386212997501607,1.1859876320993594,0
-4.910284349174839,-2.419138949979051,0
3.5664565076667945,-3.1206124198095457,0
-3.4171959657811257,0.2382682313856801,1
-0.2039840598395859,-2.999190107207032,1
0.9141803811415556,1.7147949805176772,0
3.94896326490106,1.1309806815340195,0
-2.7319677883453486,3.486952343018636,0
2.2420381563919527,0.4612852459129355,1
-3.2772914914648923,-2.527915755924277,0
-1.0192382121869743,3.8765664711788084,0
-2.5188102447835305,0.23535479329721376,1
3.72172112184038,3.1767653744192463,0
4.671769602656315,0.5698553551517556,1
3.773048299790453,-0.14593139935585864,1
-1.2189369184780166,-3.7734156989202,1
-0.4577603738172984,3.080005089817126,0
-3.5134326970815057,-0.8036005355132945,0
-3.3252133607153103,1.1979551692937198,1
-1.8180542752256788,-1.1339812233650628,1
3.2740685373735374,0.4935651200498139,1
3.5853501319989487,1.8510780479229938,0
3.68672283514006,3.753059628216355,0
-3.4523844932538217,-0.47549170398766183,0
4.145992062404044,2.769477551935446,0
-5.22741335635612,3.407098931332662,0
2.027449218886769,0.6227691795501009,1
-2.79873838687591,-3.8859654481304213,0
1.3986981747238065,0.8322502639630978,0
3.3171651943437475,-2.8369094974121793,0
-2.110834497820967,1.2934317604914787,1
4.482316030118691,-2.409953016663077,0
1.495178854808235,0.5513579534195969,0
-4.704057241317209,2.632037285037778,0
4.396290958596312,-3.621430111997528,0
4.904836085065648,2.1178975797315127,0
-3.974397002739012,-2.514632086039029,0
-0.5488864862905576,-0.812518371083784,0
1.2168479818963043,-1.8832065043789878,0
3.521169038062272,3.791086848676005,0
3.6733927564997657,0.22284392347290538,1
1.260032796026632,-0.017284583894142003,0
5.68968154526215,1.2902548159299627,0
-5.106805322284753,0.6794217805049696,0
-3.5786015651327236,-0.4754714349688971,0
-5.803104121099179,1.8374963655744478,0
-4.889545404165286,1.9771090871472596,0
-3.61705218344705,1.3998572157470406,1
-1.6498907633514168,0.4713515844760545,1
-5.9563631640308525,-1.5200170878010262,0
-0.3620248595594795,-1.7633463722818856,1
-5.0509768216356505,-3.393133797348071,0
-0.29171107578520683,-1.6444455123005994,1
1.1200845393674097,2.2509336735419234,0
5.585451201819442,-3.134290346216841,0
-3.079262699422456,-3.671875013548161,0
-4.778501200426943,-2.3491174338113323,0
-3.0790804344106486,0.11832602636809852,1
1.3240312270291117,-0.4295810858919795,0
1.9287621994518354,2.4663342940731976,0
-5.072244340952288,-0.4460727686451653,0
-3.1800119857478477,1.4304996956844072,1
5.636210343189671,0.6418771995037469,0
1.423110350969278,2.3233889650309996,0
-5.401511364596676,-3.565992087396496,0
-0.8877203947635213,2.1014153909989295,0
4.666579950149519,1.783052878168741,0
-3.9717007932522574,-1.2659334233973363,0
0.8220257193065885,-1.6704824996912029,1
-1.675525651915029,0.9093732670253178,1
-2.098153114076837,1.7709752758768795,1
-5.631156195019477,-3.561300967531494,0
4.218827411488453,2.177462129146508,0
4.3141308321573,3.4423637108087837,0
-4.1900558078348435,2.4175883488629264,0
2.873083413492207,3.6531491109624614,0
3.9055962886504307,2.169787875124217,0
2.03886603663185,2.4580676452389056,0
-2.080516242460264,1.8005027122844695,1
2.435543354113472,-3.0883632224136246,0
-0.515520857643823,-3.8927621408364406,1
0.047313775413623915,3.0828006780023562,0
-1.1432914294658536,2.23753456002588,1
-5.981934669738199,1.9369405982656396,0
4.039810807224011,-3.1841185538096735,0
2.2398606694938294,-2.534735942001779,0
2.2652782230827935,0.7455914538444137,1
-3.947186604010422,-2.063927297125873,0
-4.405928051249285,3.867387962899655,0
2.794019889913983,-0.23012258260073093,1
2.797257707942574,2.1896305778157013,0
5.2173390008202425,1.1583285303148667,0
-0.0845187808727541,1.8609185912795327,0
-0.8364195026201173,1.1941548936789204,0
-1.5528257676718695,-1.9093861720404295,1
-4.242510787667673,-3.53987527470753,0
0.716824188671243,-2.3689604415970393,1
3.0199957179533623,2.1599849328128284,0
-2.5020151309684024,-2.348818920466183,0
4.205867926804142,-0.5802693994726358,1
5.545516983293359,2.3203660696684425,0
-2.298007198528516,-2.2981343554545965,0
2.725487635860892,3.513693035352002,0
-0.943030460246991,1.8166067049153805,0
-5.200833396897029,-0.24271645171459255,0
-1.7879771076276434,-0.47528624673831565,0
-3.5004831706422874,3.3503403051968244,0
-1.4493086099455024,2.4794800487742066,1
-3.200435118454397,3.0944850017364214,0
3.84666303413141,1.7645301217258815,0
-5.981267770906099,-1.107841029878463,0
-1.1736111819442145,-0.9269331243504553,0
-2.1014643240584614,1.3711293077740274,1
-5.1550866271578215,-1.0922285532859597,0
3.6886621624780975,1.5323211158129864,0
3.844789814956931,2.487799651196412,0
-5.87792889298726,-0.8282495585540914,0
3.7625163605306984,-3.7589444530988807,0
-5.326814151744198,1.6592934618547313,0
0.1415969180690002,-0.025309089536668772,0
-4.398602599656645,-3.2314256291909293,0
1.0819747711790413,-0.37590176128897124,0
0.978094156232741,-3.7608629696501614,1
3.6619595505803506,-2.9088289448638003,0
2.2523443502398397,3.1007822647296743,0
-2.1624340629628627,0.25840572812574436,1
-4.895867470925733,0.3226987484391106,0
-4.977671068350892,-0.8789964069282021,0
1.0361990067423914,2.34752472066467,0
0.8849816158858914,1.8110289629139853,0
2.5455025106854983,-0.3824587558770398,1
-2.5748815527229962,-0.46371313324775354,0
0.6355111168084715,3.5619397696041126,0
-0.018003863664516118,0.9365578386694313,0
-3.5103101157579304,0.1853452163124194,1
-3.8876734522875425,0.833624577870788,1
5.582297844194873,-1.3895976093780655,0
-4.151739103842326,-2.416937360322204,0
-4.8963116773991775,0.3466250193416309,0
-4.800122370578794,-0.7611415021819603,0
-2.651759662067203,2.997019675308821,1
0.34207925294645136,3.9485220584648806,0
-4.882609213164468,1.7676042205442641,0
-5.842205950364608,-3.7698961418816035,0
-5.284953277521434,2.5880633088175697,0
-2.3547911713855476,-0.2991766537050342,0
-1.0706154263969943,1.5427948170104209,1
-2.6697517432745594,-1.3104101275503606,0
-2.0309936871269065,1.1340254079655594,1
3.1991744371982733,2.6511431053233796,0
0.08543883745616565,-0.2876289246066497,0
0.48843240442696434,3.13313517941838,0
-0.5911730913675539,0.8302073887562242,0
-1.5220667742026022,2.4307366583107877,1
5.511907434973896,-0.5359344612259003,0
4.486511672740521,-0.16760247107666437,1
3.2857745110352106,3.4308098107396123,0
3.666318349539658,-1.2706351378376386,1
1.4163144796163447,3.0891277575808296,0
-2.976530014600375,-2.185713482462539,0
-4.021893362604288,0.6859884365489419,0
1.3155378060729603,1.0034344695078419,0
4.37466940118844,0.2191790330324288,1
-5.918701352419788,-1.210351504043996,0
-5.677943356543123,1.5431877562366463,0
5.323085864592477,0.13134094436516097,0
-2.2308459994186856,0.8562060186683782,1
-3.7866884529171654,1.170211210430156,1
3.913609221630349,-3.220503336211597,0
5.60113302169235,-2.06588625821182,0
-5.494883805604693,3.846638982123885,0
3.13135317750994,-3.9891659300902402,0
1.551710487873863,-3.9488134801304584,0
0.8562755488871581,3.4595210860741226,0
-3.0970104194778965,0.7566980902048766,1
2.7475958669439535,2.1597516537429193,0
5.818956976770757,1.2083114408158968,0
-0.7746978890278182,-2.5428840998956748,1
3.2230470100554136,-1.7501559312048558,1
-1.2148088857014265,1.842206654343154,1
1.1441345254082416,-0.3440232871410194,0
-4.017616981382847,3.6081010515462273,0
3.0353224929397715,2.175833291970908,0
4.278065915536018,-1.9085830528498082,1
5.412958771822822,-2.62868329009504,0
-3.060436877694522,-3.2629790113022663,0
-4.611860582020348,-3.636093287796525,0
-5.46108329279831,-3.792985767109296,0
-1.299443560914714,-1.955499857204173,1
-5.097453500948614,-2.7154971861046855,0
2.9108157685681135,3.7203650711224814,0
4.527677687122075,2.422059538375609,0
-1.4647006564796579,2.7884931392169197,1
-1.9227956507377613,0.3344069702997423,1
-4.255887534046716,1.231084170284749,0
-0.4373876574392028,-2.550014499456566,1
4.614657404485154,-1.1726702934845843,1
4.631558840934517,-1.32171675885174,1
1.8405219957538241,-0.9972857190842932,0
-0.5722804710958815,-1.2444533748461586,1
-3.918581141866652,2.4605168011022522,1
4.94251538105731,-0.3906151134993996,1
-5.649405973520913,-3.0503641276260476,0
-1.9619495001448577,-0.8662719233842084,0
-3.366418815323921,-1.1954258543331528,0
-5.656573096172593,0.9869993754032835,0
4.166775523057206,3.0013236014477407,0
3.1107389631423903,-3.8352769947460086,0
4.050774888643897,3.478032783866441,0
-1.063534064589314,3.0252277974321693,0
-2.9261721953685282,3.043538196473749,0
-5.972852012933355,3.9036435129388467,0
4.26106089050535,3.6322637067574712,0
-4.295241072399245,1.6011638274145703,0
-2.5236374651811233,2.5610794176496974,1
0.5738204972475032,3.6757942491694005,0
4.56315519256653,1.4883749423718964,0
-1.96190737249505,-3.1214654242646294,1
3.4286524844095734,-0.9704422974291829,1
2.063747449687888,-2.3093385956611465,0
-0.5544966427995419,2.0732896548125765,0
-2.4887349028981354,0.2887487757799292,1
-3.708918932836192,-2.132752109587214,0
0.048519212847497606,1.0586903930981553,0
-1.3514188491259924,-2.264241324699195,1
-1.039597373385858,1.5668628809598095,1
3.527920037635475,2.2625274599252103,0
3.307263192267211,-3.6978890102665867,0
5.447629460134834,-3.978110221727575,0
0.9599645556651808,2.970676481444861,0
3.5653366073388995,0.750167480399627,1
3.8077853662603243,1.153944642186067,0
2.2862032917412876,-2.8338144920081927,0
-4.912734365368094,-1.7034346541259957,0
-5.236561372337462,1.2809802381500717,0
-4.630287591075202,0.6092992737650418,0
-1.9587258834987562,-2.7094519070993934,1
4.499193001464738,2.5993240759683367,0
4.04652949515148,-3.536569988532814,0
-4.154613209680875,2.8684842624221254,0
-0.6071083887963251,-3.155761170227165,1
0.9084847504989444,-3.2923850563630133,1
0.9357653354258275,-2.8508195230369617,1
3.7236360442129843,-2.301592630202781,0
-2.8202534278591767,0.31182297379306867,1
0.6464322658524253,2.566223680882959,0
3.21031612989942,-3.720823688563833,0
-1.297795228189102,2.4572307283597725,1
0.524864345052154,-2.539635642214696,1
-3.795946304673154,-1.9494255256983894,0
5.379000053888078,0.5381969407862979,0
4.29756623525747,1.8736721105975347,0
-3.3256200793204624,-2.5944407871087938,0
-1.5041256735749098,-1.5348458819069437,1
-3.351762465881384,-0.13961882585125718,0
0.39445034610275265,2.3625886408827483,0
3.0540275304197735,-1.6766022869144352,1
-5.224260511699991,-3.4812264248551834,0
1.225408976155557,-3.739137936353842,0
2.786920229659952,-3.4602821467705116,0
1.4631054410211037,-0.3704570847043289,0
-4.339376248968259,-3.713868245616097,0
4.8972001786253685,2.8391951762029004,0
-5.190720288185041,-0.41275668053224024,0
-2.2620793009765654,3.1589974703145804,0
0.6471794299279789,-0.1704430519476281,0
-5.146483064423304,1.236879270009597,0
3.026577484647623,3.4712174005058314,0
-4.8828049202327914,0.24905581949552502,0
-2.3104343526459252,2.3866175701286894,1
-0.11695474679657636,-1.4356412906381157,1
-0.46713243754931355,3.113632974964082,0
-3.8602818187198897,2.5864077653264115,1
-0.17657364197188485,-1.6563534321264228,1
1.8405887309138187,-1.977186177004354,0
-5.513786891856439,-0.7850610403478564,0
-1.708404672740425,-3.318548907902197,1
-3.9773481097843466,0.1547878401398366,1
1.3192270282078429,-2.5854233757314855,0
1.2555836643139813,-0.4917366816007078,0
2.96497808906037,-3.432138179180808,0
4.122191286841861,0.4726290916132827,1
-4.12103625824038,2.392464045409299,0
-2.4706799957581893,3.346738909906443,0
4.679847638393106,-1.6930319549580117,1
-0.5964175798879179,-2.0733495584138675,1
-2.961032474030213,-1.359716394617628,0
2.3889430205869395,-0.08088747671921848,1
-0.5416318794415158,1.9586911117855648,0
-1.8509403887387545,-3.6714625937630077,1
3.806128958760569,0.2923147691183985,1
-3.903588185003554,2.1568068996566616,1
2.8459791227012943,-2.330543000045254,0
2.527687912649581,-3.6365262030308783,0
-1.2853732412208565,-1.7487243680305262,1
-1.2645560593055478,3.0360694780178434,0
-2.358060851818868,1.2062684765474678,1
-2.502861354383599,-1.8389596114016848,0
2.0014339382308357,-3.4550912549136026,0
4.046330351210653,-2.574909192099547,0
0.6494560845336661,-3.803617854312277,1
1.6644074270393432,-0.8333788528544899,0
-5.983329527377414,2.4778701454915355,0
4.784096822572799,-1.5906385954509057,1
-1.8408962579459232,0.8375277637961087,1
0.24069231032526872,0.5935495549414336,0
0.3510719337337962,2.2850269736953788,0
5.6080465195675036,0.9662489905963829,0
-2.6995923430130686,1.343134880651875,1
-5.741880141794689,-1.6298302155278241,0
-4.033924949110622,3.995134500719625,0
0.7940544325899737,-1.2088206888680215,1
0.583891125860549,-0.34048417496240635,0
-1.0954409763567021,-2.03913118390526,1
5.018167528993356,-1.8895979097020206,0
0.9229236654140749,-3.2132016537778307,1
-5.364040610305335,2.678066259562515,0
2.0815478997210093,2.784405348552392,0
-2.789903942153201,3.018485472527642,0
3.1173141683396235,-2.3616605427253488,0
-3.5384716317631124,1.5471687800940517,1
0.8154330764252036,3.124837549909258,0
-1.0924839542649583,0.42684011372238917,1
-4.1563049630257,-3.246329668884484,0
0.6232859004636202,-2.886169131435988,1
3.1067781397631506,-1.7649083553757956,1
-2.1049117280914826,1.5836521012511175,1
0.854803756571652,1.108105823621579,0
2.5407051432032173,1.9142871911685733,0
5.360948520868581,1.0008229697737665,0
2.287453218613802,3.970524092246378,0
0.018269735146509092,1.541764971946292,0
1.6437908136156043,3.5039053561969062,0
-1.5317158869072403,3.079865150189895,0
-5.248384145764938,-0.237279443696659,0
-4.2616395583112805,2.978455808989354,0
-4.340335339594775,3.2092135020776285,0
-5.9421421263372025,-0.8577627246693931,0
-1.7922409827147838,-1.2988574299051985,1
2.144673528677277,-1.371139636622349,1
2.315649202179289,-2.272948174893985,0
1.477984767077258,-2.1443829952902984,0
2.5373535819517716,-2.9702550441987388,0
2.344572870753792,-3.7888613227647774,0
-0.39399367506289806,-2.5867620494515986,1
4.969673228231015,1.7411657495955666,0
1.7583598758863808,-3.6095927582102556,0
-1.912501464639286,1.3036634460562704,1
-1.824228007930956,-3.1559721438300796,1
1.3717101818023707,1.380169632478034,0
-2.760699939493033,-0.8361894529905269,0
-4.453101525888993,-2.564579186677694,0
5.701334545707219,3.260982984598499,0
-2.600419255335072,0.859589979717188,1
-0.5356951936856325,0.13147520975904925,0
-5.150315468189521,3.0671177020590905,0
-0.820048596846954,2.451605055977107,0
1.5028263729496851,-0.39413131000752255,0
-5.855352538406346,3.3492448113599584,0
-2.1785127645772984,1.8542655072308811,1
0.20497755946915674,-1.1813645747167474,1
1.5671151144508713,3.4550405482438915,0
3.5517210096400653,3.749557139743821,0
-2.437297655169854,-2.4835185073408397,0
-1.1152578557253863,-1.503385907308064,1
5.287130855000296,2.0048193002254555,0
-1.5941170781801635,1.771357919357019,1
-2.918791582622723,-2.072038209582173,0
0.1454479695596973,3.9854371889937203,0
-2.9853699551957478,-1.535026729642075,0
-1.1409497007360123,3.223352138470589,0
-3.528125078685443,-3.716363273031943,0
1.7434777441474214,-2.39015569863731,0
1.226679905166554,2.3710754793635083,0
-5.122634125539674,2.2182357256804197,0
1.9571697060630946,0.667461569609646,0
-4.412543466042106,0.474810852628881,0
-3.9298388451330077,0.4005931293031324,1
3.715676902507724,2.584913120617996,0
3.359547671263053,-3.0619715902240996,0
-0.5552162903091178,-2.958560766451318,1
2.1423886682363733,3.5543483228016335,0
-4.5151671417333965,0.3070720863603187,0
-0.0592968755824792,2.703223875289983,0
-2.6186709196862323,1.0607825382777758,1
-5.660050464813352,3.752668673128225,0
-1.028954563842781,1.0586014798789503,1
-0.3155593152099643,0.24906069448293344,0
-0.4621417230267806,-2.2624133706301937,1
4.464303955031337,1.40279759427618,0
5.086106708422001,-3.140800106093171,0
-1.731684274905957,-0.6135264204338124,0
0.26972559135032803,0.7250736665465016,0
2.6784012948393894,2.615783831565106,0
5.943728603537409,1.1924829544785673,0
1.6326077392089697,-1.9680796080499388,0
-4.103096539363047,-3.709207917304205,0
1.7854717677476408,1.0510222357959922,0
2.4935857691848398,3.5459133303815635,0
-5.277519992690457,0.7654710369132092,0
-4.348870386077069,0.6846917085262989,0
3.6820942598775375,-0.6421004521374378,1
4.093805557835713,-1.7006103312118572,1
2.8652263703222314,-0.18010837787963663,1
-0.8448632114177137,0.28622474626310623,0
-5.498969966617153,-1.5386291209108052,0
1.9788734027390715,-3.2402712090905137,0
4.853060018978498,0.5156723610479421,1
5.898894273462176,0.5740489485819111,0
0.8987989081232559,-1.6658288752369153,1
-4.520946499555607,1.47819577493763,0
-0.11830689260648253,-3.2519029278455562,1
-0.47005875256939866,-1.549309627598518,1
-4.507155899833949,-3.8567980894868787,0
4.385557802771094,-0.6851402431865621,1
5.194890931292065,-0.8794098991035328,0
0.4631931238826006,-2.9211039063115676,1
-5.904797267892487,-3.3009907611667817,0
4.602766164904189,3.264595559326006,0
0.9361390270032803,2.645921410792374,0
2.187875484019834,3.4717614718216048,0
-4.2105884889575425,1.379140092981065,0
-1.796279556588571,-1.2946437271939581,1
-2.6794110615214195,-1.9437647061120282,0
1.0350651705973393,-3.0318442184025605,0
3.4178043691659745,-3.678376581695055,0
-3.1507769766782663,3.307474185429566,0
-5.609806154603735,2.8437503896960212,0
-3.3982549161972804,-0.05029093238012905,0
0.423866701199465,2.5622070042130494,0
1.1246165836106599,-2.85396183680695,0
2.9396200493398936,0.44851681905139085,1
-1.7722667709102051,3.9166676908799536,0
1.742035602159092,-3.4889223070734667,0
5.41452927936049,-1.9863987962203087,0
0.04383924375601467,-2.1271838161920913,1
5.9075295807177355,-2.871441756428328,0
-1.433062219775799,2.003443485301193,1
3.1614421641432973,-1.181985658485683,1
-4.625754031180621,0.022235521438023653,0
5.166679246942275,2.4275640949435697,0
3.530817130101008,0.5264577166126827,1
-4.663351422001541,1.095027320979594,0
0.7467787784950772,-2.8659950387096433,1
1.8989510012483155,-3.1639637720777474,0
1.5975229272732419,-0.4777938461675362,0
2.1631666978520183,3.5669526833528566,0
-2.7960978185161536,1.767277524089053,1
-1.7886940700491092,-3.174107666741535,1
1.3873392252099634,1.43632136976281,0
1.8442864086450257,-2.7059309801022744,0
-3.806319734722713,-1.8968612620546166,0
5.856626063465519,-2.5437939799812597,0
4.147787668692768,1.5480884906020034,0
-4.962355503457562,3.8435658046773984,0
-2.7279744195054967,1.3401818491157638,1
-5.413087357029418,-2.1631093342801933,0
-2.59002833894731,-3.388031108490268,0
-1.7638884729827708,0.32556151165657266,1
1.837727961577185,-0.4272859418732944,0
1.50936450463732,3.8967142283373413,0
-2.664480099761209,0.3978930113918855,1
1.1721909593020943,0.991708576563993,0
0.9474183681075736,-1.362178425062571,1
2.4118351832013563,-1.3688265369536001,1
-3.6048320686566755,2.1832055910499726,1
3.3713832858778225,-2.849740583177299,0
-0.05711492132168061,1.0593367681044397,0
-2.631636212456326,-0.624648130862691,0
3.4639475828232023,2.5695683393199156,0
-3.5616662920543787,2.728284052592171,1
5.115554411877278,-0.19406558126179174,0
-5.317035562778244,2.167023346265464,0
-0.6706641015712798,1.3363173235824828,0
5.734710796170619,-3.122215349764528,0
5.519531050963007,1.8137213430992878,0
5.535779923114129,1.0856598597627087,0
3.6668725795979746,-0.4418233203473365,1
-2.0912367013523534,2.073764528667253,1
1.3162864761482673,1.4217301581075166,0
-1.29088062424088,-2.2900989123814917,1
-4.777900184151113,-0.8819288724021828,0
-3.0075854297203097,3.6767979337649415,0
4.797704657258819,-1.4507274483779709,1
-3.531581022395864,-1.8022986994405157,0
4.344059204150714,-1.7668431988919293,1
5.084990126885497,2.622056501638733,0
-5.790131012343608,1.1061200851084942,0
1.6969425773781648,-3.693790051457296,0
2.2860894372743843,-3.7982352330749762,0
3.425399944679203,-3.4554389626680235,0
5.236672765158071,1.264026235583457,0
3.313449605495059,-3.8772720738909534,0
5.49069892372213,2.1309108966984462,0
-2.736242825008438,0.7957793379363158,1
-3.0113315860576155,1.2492828942742094,1
4.305972827674934,2.372411547188542,0
-0.49505369517973996,-2.9470679646558384,1
-3.1904858365569693,0.7754564477549062,1
4.9374307592761895,-2.9197340213394813,0
1.1235274513755265,0.08799252621756004,0
-5.881189821259477,-1.9688530675613247,0
4.317477136188684,-3.4500803020678203,0
-1.1173095830536388,2.2676755853666934,1
-4.885242223602278,0.028963392185432646,0
-0.4173895893763575,-1.193182256281193,1
2.9661170029098844,-0.11878833503998631,1
-1.383334538149434,0.6559548931850552,1
-2.801814779973138,-3.5915766370377638,0
-1.7350167953917062,-1.770183964156053,1
4.377875743635435,2.8528788193085486,0
-5.677399259486137,-3.680371782318155,0
0.20565716621533614,0.632087503661281,0
-1.3693337294136256,1.1924464386603661,1
3.0711768333292433,1.5562048065471066,0
-1.9093990652824129,1.3830736191637323,1
4.9140931855846794,-2.2597182435709433,0
-5.157455441713152,-1.169969461060429,0
0.3473699192785187,-3.4466398027270158,1
-4.793154546248163,3.788867674322683,0
-4.890742237642895,-1.7302339879769937,0
4.064039290898732,1.5466103863601424,0
3.6435339321596096,0.14553086542218896,1
-4.5175559190167665,0.520352043306433,0
4.632572447960678,1.5171688244450907,0
-5.005159099288411,-1.7028750340313854,0
-5.340601844574094,-1.2875896520500687,0
4.825975094501832,-2.0809806534586075,0
-2.9221481635399535,2.7157209978402435,1
-5.678259874369388,-3.0219391638824007,0
-2.092287020702957,1.6058307808022603,1
3.5095621998623496,-0.4241805869689408,1
4.755292359871039,-0.03730677376985447,1
4.519861522659307,-2.8623329436653453,0
-5.833677349702809,-3.810344208766274,0
-3.399532814994593,2.4558662841680734,1
-5.6648656079541535,-3.3133156899820797,0
0.35688855821555165,1.886618741032012,0
1.1292493312887375,-3.9649152574094906,0
-0.29921697952274506,-0.7211667301394531,0
-0.5027954349198449,0.5813231510125876,0
-1.0625835542146902,2.2589139616176466,1
-2.8441962358650135,-1.6584394520986674,0
-0.18325038388269643,2.7730068327132393,0
-1.0781909053138392,1.9635611181751447,1
-4.784566949771921,-2.0030778550329433,0
-4.027190853222683,-3.563105083990675,0
-5.076489221717764,-1.1756521592698306,0
-0.42071887801464314,-0.23043540277037433,0
3.550523363031198,-1.5420176668996728,1
5.700275902675385,3.6822590021345745,0
-4.999167155753639,-3.650054374933914,0
5.9937962395960795,-1.109955872553793,0
2.4731142845943346,-0.014184514813671,1
0.9537692157313806,-1.1436482848144962,1
-1.086969897637081,1.3263709643491026,1
-0.14386095974575674,0.1357777596022789,0
-0.31379441584444656,0.9396600615345285,0
-2.268760226423703,-0.9987744338798716,0
2.2470909285353358,3.983090088364956,0
2.6705736717722672,3.1097951957585703,0
5.227753150119964,3.283464993921468,0
-1.4543846196760786,3.764775429904814,0
-3.3164544834974548,2.389177706272802,1
-5.159551758878777,3.924915098600681,0
-4.6370106249899035,-0.46287038870184904,0
4.158370078371245,2.161319585159154,0
